Loan_ID,Gender,Married,Dependents,Education,Self_Employed,ApplicantIncome,CoapplicantIncome,LoanAmount,Loan_Amount_Term,Credit_History,Property_Area,Loan_Status
1,Male,Yes,0,Graduate,No,5849,0,128,360,1,Urban,Y
2,Male,Yes,1,Graduate,No,4583,1508,128,360,1,Rural,N
3,Male,Yes,0,Graduate,Yes,3000,0,66,360,1,Urban,Y
4,Male,Yes,0,Not Graduate,No,2583,2358,120,360,1,Urban,Y
5,Male,No,0,Graduate,No,6000,0,141,360,1,Urban,Y
6,Male,Yes,2,Graduate,Yes,5417,4196,267,360,1,Urban,Y
7,Female,No,0,Graduate,No,2333,1516,95,360,1,Urban,Y
8,Male,Yes,3,Graduate,No,3036,2504,158,360,0,Semiurban,N
9,Male,Yes,2,Graduate,No,4000,1526,120,360,1,Urban,Y
10,Female,No,0,Graduate,No,3200,0,70,360,1,Semiurban,Y
11,Male,Yes,1,Not Graduate,No,2500,1800,104,360,0,Rural,N
12,Female,Yes,0,Graduate,No,4500,0,115,360,1,Urban,Y
13,Male,Yes,2,Graduate,No,7000,0,200,360,1,Urban,Y
14,Female,No,0,Graduate,No,2900,0,80,360,1,Rural,Y
15,Male,Yes,1,Graduate,No,3500,2000,110,360,1,Semiurban,Y
16,Male,No,0,Not Graduate,Yes,2800,0,90,360,0,Rural,N
17,Female,No,0,Graduate,No,5000,0,125,360,1,Urban,Y
18,Male,Yes,3,Graduate,No,4200,1000,140,360,1,Semiurban,Y
19,Male,Yes,0,Not Graduate,No,2700,1200,100,360,1,Rural,N
20,Female,Yes,1,Graduate,No,3800,0,105,360,1,Urban,Y
21,Male,Yes,2,Graduate,No,5200,1300,155,360,1,Semiurban,Y
22,Male,No,0,Graduate,No,2100,0,70,360,0,Rural,N
23,Female,Yes,0,Graduate,No,6200,0,150,360,1,Urban,Y
24,Male,Yes,1,Graduate,No,4100,1700,135,360,1,Semiurban,Y
25,Male,Yes,3,Not Graduate,No,2400,800,85,360,0,Rural,N
26,Female,No,0,Graduate,Yes,3600,0,100,360,1,Semiurban,Y
27,Male,Yes,2,Graduate,No,4800,2000,145,360,1,Urban,Y
28,Male,Yes,0,Not Graduate,No,2600,0,75,360,0,Rural,N
29,Female,Yes,1,Graduate,No,5500,0,130,360,1,Urban,Y
30,Male,No,0,Graduate,No,3300,0,95,360,1,Semiurban,Y
31,Male,Yes,2,Graduate,Yes,3900,1800,125,360,1,Rural,Y
32,Female,No,0,Not Graduate,No,2200,1000,80,360,0,Rural,N
33,Male,Yes,1,Graduate,No,4700,1500,140,360,1,Urban,Y
34,Female,Yes,2,Graduate,No,5100,0,125,360,1,Semiurban,Y
35,Male,No,0,Graduate,No,3100,0,90,360,1,Urban,Y
36,Male,Yes,3,Graduate,No,2800,1800,120,360,0,Rural,N
37,Female,No,0,Graduate,No,4300,0,110,360,1,Urban,Y
38,Male,Yes,1,Not Graduate,No,2900,1600,100,360,1,Semiurban,Y
39,Male,Yes,2,Graduate,No,5800,1200,160,360,1,Urban,Y
40,Female,Yes,0,Graduate,No,3400,0,90,360,1,Rural,Y
41,Male,No,0,Not Graduate,No,2300,0,70,360,0,Rural,N
42,Male,Yes,1,Graduate,No,4500,1200,130,360,1,Semiurban,Y
43,Female,No,0,Graduate,No,3900,0,100,360,1,Urban,Y
44,Male,Yes,2,Graduate,No,6100,2000,175,360,1,Urban,Y
45,Male,Yes,0,Not Graduate,Yes,3200,1400,105,360,0,Rural,N
46,Female,Yes,1,Graduate,No,4900,0,120,360,1,Semiurban,Y
47,Male,No,0,Graduate,No,2700,0,85,360,1,Rural,N
48,Male,Yes,3,Graduate,No,5300,1600,150,360,1,Urban,Y
49,Female,No,0,Not Graduate,No,2500,0,75,360,0,Rural,N
50,Male,Yes,2,Graduate,No,4600,1300,135,360,1,Semiurban,Y
51,Female,Yes,0,Graduate,No,5700,0,145,360,1,Urban,Y
52,Male,Yes,1,Graduate,No,3700,1100,115,360,1,Semiurban,Y
53,Male,No,0,Graduate,Yes,3000,1000,90,360,0,Rural,N
54,Female,No,0,Graduate,No,4400,0,105,360,1,Urban,Y
55,Male,Yes,2,Not Graduate,No,2600,1900,110,360,0,Rural,N
56,Male,Yes,1,Graduate,No,5000,1700,145,360,1,Urban,Y
57,Female,Yes,0,Graduate,No,3600,0,95,360,1,Semiurban,Y
58,Male,No,0,Not Graduate,No,2800,0,80,360,0,Rural,N
59,Male,Yes,3,Graduate,No,6400,2100,180,360,1,Urban,Y
60,Female,No,0,Graduate,No,3100,0,85,360,1,Semiurban,Y
