Gender,Married,Dependents,Education,Self_Employed,ApplicantIncome,CoapplicantIncome,LoanAmount,Loan_Amount_Term,Credit_History,Property_Area,Loan_Status,TotalIncome,LoanToIncomeRatio,ApplicantIncomeLog,LoanAmountLog,CoapplicantIncomeLog,TotalIncomeLog,HasCoapplicant,HighIncome,LoanAmountCategory
Male,Yes,0,Graduate,No,5849,0,128,360,1,Urban,1,5849,0.021884082749187895,8.674196940225903,4.859812404361672,0.0,8.674196940225903,0,1,Medium
Male,Yes,1,Graduate,No,4583,1508,128,360,1,Rural,0,6091,0.0210146117222131,8.430327258394575,4.859812404361672,7.319202458767849,8.714731714015052,1,1,Medium
Male,Yes,0,Graduate,Yes,3000,0,66,360,1,Urban,1,3000,0.022,8.006700845440367,4.204692619390966,0.0,8.006700845440367,0,0,Low
Male,Yes,0,Not Graduate,No,2583,2358,120,360,1,Urban,1,4941,0.024286581663630843,7.857093864902493,4.795790545596741,7.765993079407675,8.505525386548555,1,1,Medium
Male,No,0,Graduate,No,6000,0,141,360,1,Urban,1,6000,0.0235,8.699681400989514,4.955827057601261,0.0,8.699681400989514,0,1,Medium
Male,Yes,2,Graduate,Yes,5417,4196,267,360,1,Urban,1,9613,0.027774888172266723,8.59748202264504,5.5909869805108565,8.34212526333359,9.170975648453906,1,1,High
Female,No,0,Graduate,No,2333,1516,95,360,1,Urban,1,3849,0.024681735515718367,7.755338812846501,4.564348191467836,7.324489979348532,8.25582842728183,1,0,Low
Male,Yes,3,Graduate,No,3036,2504,158,360,0,Semiurban,0,5540,0.02851985559566787,8.01862546504575,5.0689042022202315,7.826044013518965,8.61993026886735,1,1,Medium
Male,Yes,2,Graduate,No,4000,1526,120,360,1,Urban,1,5526,0.021715526601520086,8.294299608857235,4.795790545596741,7.3310603052186325,8.617400451833262,1,1,Medium
Female,No,0,Graduate,No,3200,0,70,360,1,Semiurban,1,3200,0.021875,8.071218539969863,4.2626798770413155,0.0,8.071218539969863,0,0,Low
Male,Yes,1,Not Graduate,No,2500,1800,104,360,0,Rural,0,4300,0.024186046511627906,7.824445930877619,4.653960350157523,7.496097345175956,8.366602832783736,1,0,Medium
Female,Yes,0,Graduate,No,4500,0,115,360,1,Urban,1,4500,0.025555555555555557,8.412054873292933,4.7535901911063645,0.0,8.412054873292933,0,0,Medium
Male,Yes,2,Graduate,No,7000,0,200,360,1,Urban,1,7000,0.02857142857142857,8.853808274977197,5.303304908059076,0.0,8.853808274977197,0,1,Medium
Female,No,0,Graduate,No,2900,0,80,360,1,Rural,1,2900,0.027586206896551724,7.972810784121404,4.394449154672439,0.0,7.972810784121404,0,0,Low
Male,Yes,1,Graduate,No,3500,2000,110,360,1,Semiurban,1,5500,0.02,8.160803920954665,4.709530201312334,7.601402334583733,8.612685172875459,1,1,Medium
Male,No,0,Not Graduate,Yes,2800,0,90,360,0,Rural,0,2800,0.03214285714285714,7.937731775260109,4.51085950651685,0.0,7.937731775260109,0,0,Low
Female,No,0,Graduate,No,5000,0,125,360,1,Urban,1,5000,0.025,8.517393171418904,4.836281906951478,0.0,8.517393171418904,0,1,Medium
Male,Yes,3,Graduate,No,4200,1000,140,360,1,Semiurban,1,5200,0.026923076923076925,8.343077871169383,4.948759890378168,6.90875477931522,8.556606193773073,1,1,Medium
Male,Yes,0,Not Graduate,No,2700,1200,100,360,1,Rural,0,3900,0.02564102564102564,7.901377353792616,4.61512051684126,7.0909098220799835,8.268988209506656,1,0,Low
Female,Yes,1,Graduate,No,3800,0,105,360,1,Urban,1,3800,0.02763157894736842,8.24301946898925,4.663439094112067,0.0,8.24301946898925,0,0,Medium
Male,Yes,2,Graduate,No,5200,1300,155,360,1,Semiurban,1,6500,0.023846153846153847,8.556606193773073,5.049856007249537,7.170888478512505,8.77971129020447,1,1,Medium
Male,No,0,Graduate,No,2100,0,70,360,0,Rural,0,2100,0.03333333333333333,7.650168700845001,4.2626798770413155,0.0,7.650168700845001,0,0,Low
Female,Yes,0,Graduate,No,6200,0,150,360,1,Urban,1,6200,0.024193548387096774,8.732465848349879,5.017279836814924,0.0,8.732465848349879,0,1,Medium
Male,Yes,1,Graduate,No,4100,1700,135,360,1,Semiurban,1,5800,0.02327586206896552,8.31898612539206,4.912654885736052,7.438971592395862,8.665785595466064,1,1,Medium
Male,Yes,3,Not Graduate,No,2400,800,85,360,0,Rural,0,3200,0.0265625,7.783640596221253,4.454347296253507,6.68586094706836,8.071218539969863,1,0,Low
Female,No,0,Graduate,Yes,3600,0,100,360,1,Semiurban,1,3600,0.027777777777777776,8.188966863648876,4.61512051684126,0.0,8.188966863648876,0,0,Low
Male,Yes,2,Graduate,No,4800,2000,145,360,1,Urban,1,6800,0.021323529411764706,8.476579508530941,4.983606621708336,7.601402334583733,8.824824939175638,1,1,Medium
Male,Yes,0,Not Graduate,No,2600,0,75,360,0,Rural,0,2600,0.028846153846153848,7.8636512654486515,4.330733340286331,0.0,7.8636512654486515,0,0,Low
Female,Yes,1,Graduate,No,5500,0,130,360,1,Urban,1,5500,0.023636363636363636,8.612685172875459,4.875197323201151,0.0,8.612685172875459,0,1,Medium
Male,No,0,Graduate,No,3300,0,95,360,1,Semiurban,1,3300,0.02878787878787879,8.101980731853192,4.564348191467836,0.0,8.101980731853192,0,0,Low
Male,Yes,2,Graduate,Yes,3900,1800,125,360,1,Rural,1,5700,0.021929824561403508,8.268988209506656,4.836281906951478,7.496097345175956,8.648396877031582,1,1,Medium
Female,No,0,Not Graduate,No,2200,1000,80,360,0,Rural,0,3200,0.025,7.696667081526462,4.394449154672439,6.90875477931522,8.071218539969863,1,0,Low
Male,Yes,1,Graduate,No,4700,1500,140,360,1,Urban,1,6200,0.02258064516129032,8.45553053102413,4.948759890378168,7.313886831633462,8.732465848349879,1,1,Medium
Female,Yes,2,Graduate,No,5100,0,125,360,1,Semiurban,1,5100,0.024509803921568627,8.537191877922927,4.836281906951478,0.0,8.537191877922927,0,1,Medium
Male,No,0,Graduate,No,3100,0,90,360,1,Urban,1,3100,0.02903225806451613,8.03947991910045,4.51085950651685,0.0,8.03947991910045,0,0,Low
Male,Yes,3,Graduate,No,2800,1800,120,360,0,Rural,0,4600,0.02608695652173913,7.937731775260109,4.795790545596741,7.496097345175956,8.434028950155469,1,1,Medium
Female,No,0,Graduate,No,4300,0,110,360,1,Urban,1,4300,0.02558139534883721,8.366602832783736,4.709530201312334,0.0,8.366602832783736,0,0,Medium
Male,Yes,1,Not Graduate,No,2900,1600,100,360,1,Semiurban,1,4500,0.022222222222222223,7.972810784121404,4.61512051684126,7.3783837129967145,8.412054873292933,1,0,Low
Male,Yes,2,Graduate,No,5800,1200,160,360,1,Urban,1,7000,0.022857142857142857,8.665785595466064,5.081404364984463,7.0909098220799835,8.853808274977197,1,1,Medium
Female,Yes,0,Graduate,No,3400,0,90,360,1,Rural,1,3400,0.026470588235294117,8.131824785007195,4.51085950651685,0.0,8.131824785007195,0,0,Low
Male,No,0,Not Graduate,No,2300,0,70,360,0,Rural,0,2300,0.030434782608695653,7.741099090035366,4.2626798770413155,0.0,7.741099090035366,0,0,Low
Male,Yes,1,Graduate,No,4500,1200,130,360,1,Semiurban,1,5700,0.02280701754385965,8.412054873292933,4.875197323201151,7.0909098220799835,8.648396877031582,1,1,Medium
Female,No,0,Graduate,No,3900,0,100,360,1,Urban,1,3900,0.02564102564102564,8.268988209506656,4.61512051684126,0.0,8.268988209506656,0,0,Low
Male,Yes,2,Graduate,No,6100,2000,175,360,1,Urban,1,8100,0.021604938271604937,8.716207971151853,5.170483995038151,7.601402334583733,8.999742789830492,1,1,Medium
Male,Yes,0,Not Graduate,Yes,3200,1400,105,360,0,Rural,0,4600,0.02282608695652174,8.071218539969863,4.663439094112067,7.244941546337007,8.434028950155469,1,1,Medium
Female,Yes,1,Graduate,No,4900,0,120,360,1,Semiurban,1,4900,0.024489795918367346,8.497194544909547,4.795790545596741,0.0,8.497194544909547,0,1,Medium
Male,No,0,Graduate,No,2700,0,85,360,1,Rural,0,2700,0.03148148148148148,7.901377353792616,4.454347296253507,0.0,7.901377353792616,0,0,Low
Male,Yes,3,Graduate,No,5300,1600,150,360,1,Urban,1,6900,0.021739130434782608,8.575650760987806,5.017279836814924,7.3783837129967145,8.839421607620602,1,1,Medium
Female,No,0,Not Graduate,No,2500,0,75,360,0,Rural,0,2500,0.03,7.824445930877619,4.330733340286331,0.0,7.824445930877619,0,0,Low
Male,Yes,2,Graduate,No,4600,1300,135,360,1,Semiurban,1,5900,0.02288135593220339,8.434028950155469,4.912654885736052,7.170888478512505,8.682877107057168,1,1,Medium
Female,Yes,0,Graduate,No,5700,0,145,360,1,Urban,1,5700,0.02543859649122807,8.648396877031582,4.983606621708336,0.0,8.648396877031582,0,1,Medium
Male,Yes,1,Graduate,No,3700,1100,115,360,1,Semiurban,1,4800,0.023958333333333335,8.216358332386156,4.7535901911063645,7.00397413672268,8.476579508530941,1,1,Medium
Male,No,0,Graduate,Yes,3000,1000,90,360,0,Rural,0,4000,0.0225,8.006700845440367,4.51085950651685,6.90875477931522,8.294299608857235,1,0,Low
Female,No,0,Graduate,No,4400,0,105,360,1,Urban,1,4400,0.023863636363636365,8.38958706681109,4.663439094112067,0.0,8.38958706681109,0,0,Medium
Male,Yes,2,Not Graduate,No,2600,1900,110,360,0,Rural,0,4500,0.024444444444444446,7.8636512654486515,4.709530201312334,7.550135342488429,8.412054873292933,1,0,Medium
Male,Yes,1,Graduate,No,5000,1700,145,360,1,Urban,1,6700,0.02164179104477612,8.517393171418904,4.983606621708336,7.438971592395862,8.81001204797317,1,1,Medium
Female,Yes,0,Graduate,No,3600,0,95,360,1,Semiurban,1,3600,0.02638888888888889,8.188966863648876,4.564348191467836,0.0,8.188966863648876,0,0,Low
Male,No,0,Not Graduate,No,2800,0,80,360,0,Rural,0,2800,0.02857142857142857,7.937731775260109,4.394449154672439,0.0,7.937731775260109,0,0,Low
Male,Yes,3,Graduate,No,6400,2100,180,360,1,Urban,1,8500,0.021176470588235293,8.764209507142004,5.198497031265826,7.650168700845001,9.04793908261736,1,1,Medium
Female,No,0,Graduate,No,3100,0,85,360,1,Semiurban,1,3100,0.027419354838709678,8.03947991910045,4.454347296253507,0.0,8.03947991910045,0,0,Low
