Feature,Importance
numeric__Credit_History,0.2173949160643011
categorical__Property_Area_Rural,0.1685292716580291
numeric__ApplicantIncomeLog,0.1152176378993751
numeric__ApplicantIncome,0.11010594005064632
categorical__Education_Graduate,0.06852132542630845
categorical__Education_Not Graduate,0.05018089294801196
numeric__LoanToIncomeRatio,0.04990784197288952
numeric__TotalIncome,0.037016080225213945
categorical__Property_Area_Urban,0.03588517792548778
numeric__LoanAmount,0.02942956431289217
numeric__LoanAmountLog,0.02099291811543356
numeric__TotalIncomeLog,0.02079548329731173
numeric__CoapplicantIncomeLog,0.015010926789859743
numeric__CoapplicantIncome,0.0142520213272157
categorical__Property_Area_Semiurban,0.008375901814932661
